,id,word_order,word,frequency
0,dis_205,1,ein,5.339
1,dis_205,2,lächeln,3.095
2,dis_205,3,erhellte,0.845
3,dis_205,4,das,5.713
4,dis_205,5,gesicht,3.695
5,dis_205,6,des,4.46
6,dis_205,7,müden,1.633
7,dis_205,8,reisenden,1.973
8,dis_136,1,die,5.613
9,dis_136,2,lampe,2.549
10,dis_136,3,erhellte,0.845
11,dis_136,4,den,5.181
12,dis_136,5,raum,3.352
13,dis_136,6,mit,5.214
14,dis_136,7,warmem,1.0
15,dis_136,8,licht,3.493
16,dis_180,1,auf,5.157
17,dis_180,2,dem,4.883
18,dis_180,3,jahrmarkt,2.049
19,dis_180,4,fand,3.485
20,dis_180,5,sie,5.753
21,dis_180,6,das,5.713
22,dis_180,7,ticket,2.436
23,dis_180,8,ins,4.089
24,dis_180,9,abenteuer,2.713
25,dis_066,1,mit,5.214
26,dis_066,2,samthandschuhen,0.845
27,dis_066,3,betrachtet,2.504
28,dis_066,4,der,5.456
29,dis_066,5,künstler,2.723
30,dis_066,6,sein,4.854
31,dis_066,7,unvollendetes,0.602
32,dis_066,8,meisterwerk,2.061
33,dis_259,1,die,5.613
34,dis_259,2,polizei,3.726
35,dis_259,3,ermittelt,2.104
36,dis_259,4,nach,4.714
37,dis_259,5,einem,4.533
38,dis_259,6,überfall,2.587
39,dis_259,7,in,5.311
40,dis_259,8,der,5.456
41,dis_259,9,innenstadt,2.072
42,dis_126,1,die,5.613
43,dis_126,2,katze,3.046
44,dis_126,3,schnurrte,0.602
45,dis_126,4,zufrieden,3.114
46,dis_126,5,auf,5.157
47,dis_126,6,dem,4.883
48,dis_126,7,warmen,2.1
49,dis_126,8,sofa,2.452
50,dis_038,1,der,5.456
51,dis_038,2,abenteurer,1.869
52,dis_038,3,erklimmt,0.477
53,dis_038,4,den,5.181
54,dis_038,5,steilen,1.204
55,dis_038,6,gipfel,2.076
56,dis_038,7,des,4.46
57,dis_038,8,berges,1.875
58,dis_266,1,ein,5.339
59,dis_266,2,neues,3.524
60,dis_266,3,gesetz,3.093
61,dis_266,4,verbietet,2.029
62,dis_266,5,die,5.613
63,dis_266,6,nutzung,1.519
64,dis_266,7,von,5.067
65,dis_266,8,plastiktüten,0.903
66,dis_091,1,das,5.713
67,dis_091,2,knisternde,0.903
68,dis_091,3,feuer,3.559
69,dis_091,4,wärmt,1.643
70,dis_091,5,die,5.613
71,dis_091,6,kalten,2.418
72,dis_091,7,hände,3.622
73,dis_121,1,mit,5.214
74,dis_121,2,leuchtenden,1.568
75,dis_121,3,augen,3.851
76,dis_121,4,lauschte,1.041
77,dis_121,5,sie,5.753
78,dis_121,6,dem,4.883
79,dis_121,7,duftenden,0.954
80,dis_121,8,geheimnis,3.252
81,dis_010,1,die,5.613
82,dis_010,2,bejahung,0.699
83,dis_010,3,dieser,4.407
84,dis_010,4,frage,3.874
85,dis_010,5,ist,5.705
86,dis_010,6,meine,4.826
87,dis_010,7,bedingung,2.292
88,dis_010,8,für,5.065
89,dis_010,9,einen,4.93
90,dis_010,10,neuanfang,2.033
91,dis_004,1,in,5.311
92,dis_004,2,den,5.181
93,dis_004,3,nächsten,3.609
94,dis_004,4,jahren,3.892
95,dis_004,5,werde,4.527
96,dis_004,6,ich,5.969
97,dis_004,7,kein,4.464
98,dis_004,8,pökelfleisch,1.204
99,dis_004,9,mehr,4.661
100,dis_004,10,essen,4.047
101,dis_069,1,auf,5.157
102,dis_069,2,dem,4.883
103,dis_069,3,parkett,1.322
104,dis_069,4,tanzt,2.702
105,dis_069,5,die,5.613
106,dis_069,6,schattenfigur,0.301
107,dis_069,7,ihre,4.373
108,dis_069,8,einsamen,2.064
109,dis_069,9,schritte,2.724
110,dis_216,1,ein,5.339
111,dis_216,2,glitzern,1.519
112,dis_216,3,enthüllt,2.013
113,dis_216,4,sich,4.923
114,dis_216,5,im,4.806
115,dis_216,6,verborgenen,1.813
116,dis_216,7,schmuckkästchen,1.146
117,dis_160,1,am,4.418
118,dis_160,2,morgen,4.218
119,dis_160,3,duftet,1.863
120,dis_160,4,frischer,2.127
121,dis_160,5,kaffee,3.44
122,dis_160,6,in,5.311
123,dis_160,7,der,5.456
124,dis_160,8,küche,3.099
125,dis_139,1,der,5.456
126,dis_139,2,arzt,3.467
127,dis_139,3,verschrieb,1.114
128,dis_139,4,medikamente,2.673
129,dis_139,5,gegen,3.981
130,dis_139,6,die,5.613
131,dis_139,7,erkältung,2.26
132,dis_135,1,in,5.311
133,dis_135,2,der,5.456
134,dis_135,3,bibliothek,2.584
135,dis_135,4,las,2.898
136,dis_135,5,sie,5.753
137,dis_135,6,ein,5.339
138,dis_135,7,fesselndes,0.699
139,dis_135,8,buch,3.486
140,dis_148,1,die,5.613
141,dis_148,2,schnecke,1.881
142,dis_148,3,gewann,2.377
143,dis_148,4,einen,4.93
144,dis_148,5,sprintwettkampf,0.301
145,dis_148,6,gegen,3.981
146,dis_148,7,den,5.181
147,dis_148,8,hasen,2.217
148,dis_062,1,ein,5.339
149,dis_062,2,charmantes,1.255
150,dis_062,3,lächeln,3.095
151,dis_062,4,erhellt,1.322
152,dis_062,5,das,5.713
153,dis_062,6,gesicht,3.695
154,dis_062,7,des,4.46
155,dis_062,8,freundlichen,1.929
156,dis_062,9,nachbarn,2.868
157,dis_232,1,der,5.456
158,dis_232,2,straßenverkäufer,0.301
159,dis_232,3,bot,2.23
160,dis_232,4,mir,5.221
161,dis_232,5,eine,5.132
162,dis_232,6,magische,2.354
163,dis_232,7,teemischung,0.301
164,dis_232,8,an,5.01
165,dis_018,1,vor,4.588
166,dis_018,2,erschöpftheit,0.301
167,dis_018,3,warten,3.963
168,dis_018,4,wir,5.448
169,dis_018,5,das,5.713
170,dis_018,6,ende,3.885
171,dis_018,7,des,4.46
172,dis_018,8,kampfs,0.778
173,dis_018,9,nicht,5.647
174,dis_018,10,ab,4.242
175,dis_055,1,die,5.613
176,dis_055,2,bunte,1.613
177,dis_055,3,blumenpracht,0.301
178,dis_055,4,verschönert,1.079
179,dis_055,5,den,5.181
180,dis_055,6,heimischen,1.176
181,dis_055,7,garten,2.872
182,dis_247,1,ein,5.339
183,dis_247,2,verirrter,0.602
184,dis_247,3,luftballon,1.255
185,dis_247,4,trägt,3.138
186,dis_247,5,botschaften,1.914
187,dis_247,6,über,4.503
188,dis_247,7,die,5.613
189,dis_247,8,dächer,1.568
190,dis_142,1,die,5.613
191,dis_142,2,kellnerin,2.31
192,dis_142,3,empfahl,1.255
193,dis_142,4,das,5.713
194,dis_142,5,tagesgericht,0.954
195,dis_142,6,des,4.46
196,dis_142,7,restaurants,2.188
197,dis_076,1,im,4.806
198,dis_076,2,schatten,2.873
199,dis_076,3,der,5.456
200,dis_076,4,vergangenheit,3.182
201,dis_076,5,ruht,2.326
202,dis_076,6,das,5.713
203,dis_076,7,geheimnis,3.252
204,dis_076,8,des,4.46
205,dis_076,9,alten,3.588
206,dis_020,1,im,4.806
207,dis_020,2,hauptquartier,2.561
208,dis_020,3,rüsten,1.23
209,dis_020,4,sich,4.923
210,dis_020,5,die,5.613
211,dis_020,6,bergsteiger,1.322
212,dis_020,7,zur,4.28
213,dis_020,8,erstbesteigung,0.301
214,dis_020,9,des,4.46
215,dis_020,10,berges,1.875
216,dis_077,1,ein,5.339
217,dis_077,2,sonnenstrahl,1.362
218,dis_077,3,berührt,2.712
219,dis_077,4,zart,1.996
220,dis_077,5,das,5.713
221,dis_077,6,antike,1.863
222,dis_077,7,buchregal,0.301
223,dis_094,1,das,5.713
224,dis_094,2,laute,2.33
225,dis_094,3,gewitter,2.061
226,dis_094,4,verängstigt,2.274
227,dis_094,5,die,5.613
228,dis_094,6,kleinen,3.697
229,dis_094,7,kinder,3.986
230,dis_178,1,der,5.456
231,dis_178,2,krieger,2.724
232,dis_178,3,kämpfte,2.324
233,dis_178,4,tapfer,2.609
234,dis_178,5,gegen,3.981
235,dis_178,6,die,5.613
236,dis_178,7,schatten,2.873
237,dis_178,8,der,5.456
238,dis_178,9,vergangenheit,3.182
239,dis_218,1,ich,5.969
240,dis_218,2,lese,2.676
241,dis_218,3,gerne,3.743
242,dis_218,4,bücher,3.05
243,dis_218,5,in,5.311
244,dis_218,6,meiner,4.147
245,dis_218,7,freizeit,2.248
246,dis_198,1,das,5.713
247,dis_198,2,tagebuch,2.561
248,dis_198,3,erzählte,2.944
249,dis_198,4,von,5.067
250,dis_198,5,vergangener,1.114
251,dis_198,6,liebe,4.205
252,dis_198,7,und,5.565
253,dis_198,8,verlust,2.726
254,dis_106,1,der,5.456
255,dis_106,2,roboter,2.891
256,dis_106,3,malt,2.025
257,dis_106,4,porträts,1.23
258,dis_106,5,auf,5.157
259,dis_106,6,dem,4.883
260,dis_106,7,bürgersteig,1.672
261,dis_064,1,die,5.613
262,dis_064,2,kulinarische,0.954
263,dis_064,3,vielfalt,1.531
264,dis_064,4,des,4.46
265,dis_064,5,restaurants,2.188
266,dis_064,6,begeistert,2.71
267,dis_064,7,die,5.613
268,dis_064,8,gäste,2.916
269,dis_102,1,der,5.456
270,dis_102,2,jongleur,0.477
271,dis_102,3,fischt,1.279
272,dis_102,4,nach,4.714
273,dis_102,5,sternen,2.248
274,dis_102,6,im,4.806
275,dis_102,7,zirkuszelt,0.602
276,dis_068,1,in,5.311
277,dis_068,2,der,5.456
278,dis_068,3,nebelsuppe,0.301
279,dis_068,4,verschwinden,3.494
280,dis_068,5,die,5.613
281,dis_068,6,konturen,1.041
282,dis_068,7,des,4.46
283,dis_068,8,berges,1.875
284,dis_174,1,der,5.456
285,dis_174,2,einsame,2.29
286,dis_174,3,leuchtturm,1.792
287,dis_174,4,markierte,1.279
288,dis_174,5,das,5.713
289,dis_174,6,ende,3.885
290,dis_174,7,ihrer,3.799
291,dis_174,8,reise,3.27
292,dis_075,1,die,5.613
293,dis_075,2,silhouette,1.462
294,dis_075,3,des,4.46
295,dis_075,4,wanderers,1.079
296,dis_075,5,verschmilzt,0.954
297,dis_075,6,mit,5.214
298,dis_075,7,dem,4.883
299,dis_075,8,abenddunkel,0.301
300,dis_192,1,die,5.613
301,dis_192,2,worte,3.345
302,dis_192,3,des,4.46
303,dis_192,4,zauberers,0.954
304,dis_192,5,erweckten,0.477
305,dis_192,6,die,5.613
306,dis_192,7,vergessene,1.342
307,dis_192,8,magie,2.728
308,dis_028,1,in,5.311
309,dis_028,2,der,5.456
310,dis_028,3,bibliothek,2.584
311,dis_028,4,lese,2.676
312,dis_028,5,ich,5.969
313,dis_028,6,gern,3.879
314,dis_028,7,spannende,2.863
315,dis_028,8,romane,1.845
316,dis_149,1,im,4.806
317,dis_149,2,supermarkt,2.303
318,dis_149,3,sang,2.158
319,dis_149,4,der,5.456
320,dis_149,5,obstverkäufer,0.301
321,dis_149,6,fröhlich,2.43
322,dis_149,7,kinderlieder,1.0
323,dis_230,1,auf,5.157
324,dis_230,2,dem,4.883
325,dis_230,3,markt,2.64
326,dis_230,4,traf,3.027
327,dis_230,5,ich,5.969
328,dis_230,6,einen,4.93
329,dis_230,7,wahrsager,1.732
330,dis_230,8,mit,5.214
331,dis_230,9,sprechendem,0.301
332,dis_230,10,papagei,2.0
333,dis_003,1,bitte,4.616
334,dis_003,2,wiederholen,2.78
335,dis_003,3,sie,5.753
336,dis_003,4,die,5.613
337,dis_003,5,telephonnummer,0.602
338,dis_003,6,die,5.613
339,dis_003,7,sie,5.753
340,dis_003,8,erfragt,0.699
341,dis_003,9,haben,5.065
342,dis_254,1,ein,5.339
343,dis_254,2,lächeln,3.095
344,dis_254,3,versteckt,3.232
345,dis_254,4,sich,4.923
346,dis_254,5,in,5.311
347,dis_254,6,den,5.181
348,dis_254,7,blüten,2.025
349,dis_254,8,des,4.46
350,dis_254,9,stadtparks,0.301
351,dis_163,1,die,5.613
352,dis_163,2,regierung,3.23
353,dis_163,3,plant,2.439
354,dis_163,4,neue,3.772
355,dis_163,5,maßnahmen,2.31
356,dis_163,6,zur,4.28
357,dis_163,7,klimaverbesserung,0.301
358,dis_047,1,der,5.456
359,dis_047,2,ruhige,2.017
360,dis_047,3,fluss,3.086
361,dis_047,4,schlängelt,0.845
362,dis_047,5,sich,4.923
363,dis_047,6,durch,4.218
364,dis_047,7,die,5.613
365,dis_047,8,grüne,2.456
366,dis_047,9,landschaft,2.17
367,dis_107,1,die,5.613
368,dis_107,2,wolke,2.25
369,dis_107,3,jongliert,1.079
370,dis_107,4,mit,5.214
371,dis_107,5,regenschirmen,0.602
372,dis_107,6,auf,5.157
373,dis_107,7,dem,4.883
374,dis_107,8,berggipfel,0.845
375,dis_037,1,in,5.311
376,dis_037,2,der,5.456
377,dis_037,3,pizzeria,1.785
378,dis_037,4,genießen,2.873
379,dis_037,5,wir,5.448
380,dis_037,6,köstliche,1.58
381,dis_037,7,spezialitäten,1.301
382,dis_037,8,aus,4.851
383,dis_037,9,italien,2.464
384,dis_150,1,der,5.456
385,dis_150,2,gärtner,2.004
386,dis_150,3,entdeckte,2.31
387,dis_150,4,tanzende,1.38
388,dis_150,5,blumen,3.088
389,dis_150,6,im,4.806
390,dis_150,7,sonnenuntergang,2.453
391,dis_226,1,meine,4.826
392,dis_226,2,nachbarn,2.868
393,dis_226,3,überraschten,1.146
394,dis_226,4,mich,5.161
395,dis_226,5,mit,5.214
396,dis_226,6,selbstgemachten,0.845
397,dis_226,7,marmeladen,0.699
398,dis_120,1,ein,5.339
399,dis_120,2,leises,1.987
400,dis_120,3,wispern,1.0
401,dis_120,4,dringt,1.857
402,dis_120,5,aus,4.851
403,dis_120,6,dem,4.883
404,dis_120,7,alten,3.588
405,dis_120,8,bücherregal,1.301
406,dis_014,1,der,5.456
407,dis_014,2,fünfzehige,0.301
408,dis_014,3,fuß,3.224
409,dis_014,4,kommt,4.398
410,dis_014,5,in,5.311
411,dis_014,6,der,5.456
412,dis_014,7,tierwelt,1.079
413,dis_014,8,häufig,2.312
414,dis_014,9,vor,4.588
415,dis_257,1,ein,5.339
416,dis_257,2,geheimnisvoller,1.204
417,dis_257,3,klang,2.708
418,dis_257,4,erklingt,1.431
419,dis_257,5,aus,4.851
420,dis_257,6,dem,4.883
421,dis_257,7,verlassenen,1.908
422,dis_257,8,gebäude,3.241
423,dis_206,1,das,5.713
424,dis_206,2,rätsel,2.613
425,dis_206,3,löste,1.869
426,dis_206,4,sich,4.923
427,dis_206,5,mit,5.214
428,dis_206,6,einem,4.533
429,dis_206,7,einfachen,2.415
430,dis_206,8,schlüssel,3.49
431,dis_264,1,ein,5.339
432,dis_264,2,neues,3.524
433,dis_264,3,gesetz,3.093
434,dis_264,4,zum,4.568
435,dis_264,5,datenschutz,0.778
436,dis_264,6,tritt,3.068
437,dis_264,7,in,5.311
438,dis_264,8,kraft,3.407
439,dis_238,1,das,5.713
440,dis_238,2,café,2.53
441,dis_238,3,serviert,2.188
442,dis_238,4,kaffee,3.44
443,dis_238,5,mit,5.214
444,dis_238,6,einem,4.533
445,dis_238,7,hauch,2.076
446,dis_238,8,von,5.067
447,dis_238,9,zimt,1.531
448,dis_008,1,er,5.332
449,dis_008,2,ist,5.705
450,dis_008,3,zwar,3.542
451,dis_008,4,kein,4.464
452,dis_008,5,genie,2.862
453,dis_008,6,aber,5.126
454,dis_008,7,doch,4.795
455,dis_008,8,ein,5.339
456,dis_008,9,fähiger,1.23
457,dis_008,10,ingenieur,2.241
458,dis_281,1,künstliche,2.176
459,dis_281,2,intelligenz,2.312
460,dis_281,3,revolutioniert,0.301
461,dis_281,4,die,5.613
462,dis_281,5,art,3.833
463,dis_281,6,und,5.565
464,dis_281,7,weise,3.241
465,dis_281,8,wie,5.181
466,dis_281,9,wir,5.448
467,dis_281,10,denken,3.881
468,dis_090,1,das,5.713
469,dis_090,2,echo,2.49
470,dis_090,3,seiner,3.787
471,dis_090,4,worte,3.345
472,dis_090,5,hallte,1.0
473,dis_090,6,im,4.806
474,dis_090,7,leeren,2.565
475,dis_090,8,konzertsaal,0.301
476,dis_090,9,wider,1.934
477,dis_176,1,der,5.456
478,dis_176,2,detektiv,2.276
479,dis_176,3,folgte,2.328
480,dis_176,4,der,5.456
481,dis_176,5,spur,3.13
482,dis_176,6,bis,4.359
483,dis_176,7,zum,4.568
484,dis_176,8,geheimen,2.614
485,dis_176,9,versteck,2.818
486,dis_083,1,im,4.806
487,dis_083,2,café,2.53
488,dis_083,3,plätschert,1.041
489,dis_083,4,leise,2.877
490,dis_083,5,der,5.456
491,dis_083,6,gesprächsstrom,0.301
492,dis_083,7,der,5.456
493,dis_083,8,gäste,2.916
494,dis_070,1,hinter,3.807
495,dis_070,2,den,5.181
496,dis_070,3,augen,3.851
497,dis_070,4,verbirgt,2.149
498,dis_070,5,sich,4.923
499,dis_070,6,die,5.613
500,dis_070,7,magie,2.728
501,dis_070,8,des,4.46
502,dis_070,9,unsichtbaren,1.845
503,dis_009,1,sie,5.753
504,dis_009,2,schießen,3.361
505,dis_009,3,spöttische,0.602
506,dis_009,4,blicke,2.196
507,dis_009,5,auf,5.157
508,dis_009,6,den,5.181
509,dis_009,7,armen,3.089
510,dis_009,8,spanier,1.833
511,dis_231,1,während,3.721
512,dis_231,2,des,4.46
513,dis_231,3,picknicks,1.342
514,dis_231,4,im,4.806
515,dis_231,5,park,3.17
516,dis_231,6,entdeckten,2.053
517,dis_231,7,wir,5.448
518,dis_231,8,eine,5.132
519,dis_231,9,geheime,2.605
520,dis_231,10,höhle,2.729
521,dis_082,1,auf,5.157
522,dis_082,2,dem,4.883
523,dis_082,3,markt,2.64
524,dis_082,4,verführt,2.114
525,dis_082,5,der,5.456
526,dis_082,6,duft,2.338
527,dis_082,7,von,5.067
528,dis_082,8,frischem,1.255
529,dis_082,9,brot,2.794
530,dis_032,1,das,5.713
531,dis_032,2,majestätische,1.146
532,dis_032,3,schloss,3.071
533,dis_032,4,thront,0.778
534,dis_032,5,auf,5.157
535,dis_032,6,dem,4.883
536,dis_032,7,hügel,2.599
537,dis_032,8,über,4.503
538,dis_032,9,der,5.456
539,dis_032,10,stadt,3.887
540,dis_013,1,der,5.456
541,dis_013,2,verbrecher,2.862
542,dis_013,3,wollte,4.349
543,dis_013,4,seinem,3.75
544,dis_013,5,röchelnden,0.301
545,dis_013,6,opfer,3.278
546,dis_013,7,den,5.181
547,dis_013,8,hals,3.164
548,dis_013,9,abdrehen,1.857
549,dis_239,1,der,5.456
550,dis_239,2,taxifahrer,2.146
551,dis_239,3,teilte,1.771
552,dis_239,4,geschichten,2.968
553,dis_239,5,von,5.067
554,dis_239,6,vergessenen,1.342
555,dis_239,7,straßen,2.915
556,dis_134,1,der,5.456
557,dis_134,2,koch,2.701
558,dis_134,3,würzte,0.301
559,dis_134,4,die,5.613
560,dis_134,5,suppe,2.731
561,dis_134,6,mit,5.214
562,dis_134,7,frischen,2.127
563,dis_134,8,kräutern,1.431
564,dis_270,1,in,5.311
565,dis_270,2,der,5.456
566,dis_270,3,psychologie,2.033
567,dis_270,4,erforscht,1.591
568,dis_270,5,man,4.713
569,dis_270,6,die,5.613
570,dis_270,7,grundlagen,1.748
571,dis_270,8,menschlichen,2.685
572,dis_270,9,verhaltens,1.602
573,dis_202,1,ein,5.339
574,dis_202,2,leuchtender,1.176
575,dis_202,3,stern,2.734
576,dis_202,4,führte,2.74
577,dis_202,5,den,5.181
578,dis_202,6,weg,4.468
579,dis_202,7,durch,4.218
580,dis_202,8,die,5.613
581,dis_202,9,nacht,4.096
582,dis_199,1,in,5.311
583,dis_199,2,der,5.456
584,dis_199,3,ferne,2.318
585,dis_199,4,erklangen,0.602
586,dis_199,5,leise,2.877
587,dis_199,6,die,5.613
588,dis_199,7,klänge,1.892
589,dis_199,8,eines,4.008
590,dis_199,9,geigenkonzerts,0.301
591,dis_234,1,das,5.713
592,dis_234,2,knirschen,1.398
593,dis_234,3,von,5.067
594,dis_234,4,schnee,2.782
595,dis_234,5,unter,4.027
596,dis_234,6,meinen,4.319
597,dis_234,7,schuhen,2.318
598,dis_234,8,weckt,2.137
599,dis_234,9,erinnerungen,3.047
600,dis_141,1,die,5.613
601,dis_141,2,lehrerin,2.632
602,dis_141,3,lobte,1.204
603,dis_141,4,die,5.613
604,dis_141,5,schüler,3.08
605,dis_141,6,für,5.065
606,dis_141,7,ihre,4.373
607,dis_141,8,engagierte,1.447
608,dis_141,9,mitarbeit,1.732
609,dis_034,1,die,5.613
610,dis_034,2,neugierigen,1.279
611,dis_034,3,eichhörnchen,2.316
612,dis_034,4,huschen,0.903
613,dis_034,5,durch,4.218
614,dis_034,6,den,5.181
615,dis_034,7,herbstlichen,0.301
616,dis_034,8,wald,3.094
617,dis_197,1,die,5.613
618,dis_197,2,reisenden,1.973
619,dis_197,3,betraten,1.146
620,dis_197,4,einen,4.93
621,dis_197,5,mysteriösen,1.898
622,dis_197,6,pfad,2.458
623,dis_197,7,im,4.806
624,dis_197,8,wald,3.094
625,dis_252,1,der,5.456
626,dis_252,2,kaffeeduft,0.301
627,dis_252,3,führt,3.297
628,dis_252,4,mich,5.161
629,dis_252,5,durch,4.218
630,dis_252,6,verschlungene,0.301
631,dis_252,7,strassenpfade,0.301
632,dis_116,1,die,5.613
633,dis_116,2,verlorenen,2.076
634,dis_116,3,schlüssel,3.49
635,dis_116,4,fanden,3.07
636,dis_116,5,sich,4.923
637,dis_116,6,im,4.806
638,dis_116,7,blumentopf,1.279
639,dis_116,8,wieder,4.613
640,dis_227,1,im,4.806
641,dis_227,2,hinterhof,1.785
642,dis_227,3,blühen,2.188
643,dis_227,4,versteckte,2.312
644,dis_227,5,blumen,3.088
645,dis_227,6,in,5.311
646,dis_227,7,voller,3.32
647,dis_227,8,pracht,1.708
648,dis_080,1,die,5.613
649,dis_080,2,musik,3.816
650,dis_080,3,belebt,1.415
651,dis_080,4,den,5.181
652,dis_080,5,raum,3.352
653,dis_080,6,erzeugt,2.23
654,dis_080,7,lebendige,1.771
655,dis_080,8,schwingungen,1.785
656,dis_053,1,in,5.311
657,dis_053,2,der,5.456
658,dis_053,3,hellen,1.944
659,dis_053,4,küche,3.099
660,dis_053,5,zaubert,1.38
661,dis_053,6,die,5.613
662,dis_053,7,köchin,2.137
663,dis_053,8,köstliche,1.58
664,dis_053,9,gerichte,1.869
665,dis_111,1,ein,5.339
666,dis_111,2,windstoß,1.23
667,dis_111,3,reißt,2.577
668,dis_111,4,die,5.613
669,dis_111,5,blätter,2.204
670,dis_111,6,vom,4.102
671,dis_111,7,schreibtisch,2.723
672,dis_067,1,zwischen,3.703
673,dis_067,2,den,5.181
674,dis_067,3,zeilen,2.19
675,dis_067,4,verbergen,2.627
676,dis_067,5,sich,4.923
677,dis_067,6,die,5.613
678,dis_067,7,geheimnisse,2.905
679,dis_067,8,des,4.46
680,dis_067,9,tagebuchs,0.602
681,dis_265,1,die,5.613
682,dis_265,2,nation,2.606
683,dis_265,3,trauert,1.663
684,dis_265,4,um,4.829
685,dis_265,5,einen,4.93
686,dis_265,6,verstorbenen,2.212
687,dis_265,7,prominenten,1.505
688,dis_265,8,künstler,2.723
689,dis_051,1,am,4.418
690,dis_051,2,sonnigen,1.556
691,dis_051,3,tag,4.218
692,dis_051,4,spazieren,2.732
693,dis_051,5,die,5.613
694,dis_051,6,menschen,4.058
695,dis_051,7,am,4.418
696,dis_051,8,flussufer,1.519
697,dis_035,1,auf,5.157
698,dis_035,2,dem,4.883
699,dis_035,3,marktplatz,1.398
700,dis_035,4,erklingt,1.431
701,dis_035,5,traditionelle,1.833
702,dis_035,6,musik,3.816
703,dis_035,7,aus,4.851
704,dis_035,8,der,5.456
705,dis_035,9,region,2.107
706,dis_277,1,die,5.613
707,dis_277,2,linguistik,0.845
708,dis_277,3,erforscht,1.591
709,dis_277,4,die,5.613
710,dis_277,5,struktur,2.201
711,dis_277,6,und,5.565
712,dis_277,7,entwicklung,2.484
713,dis_277,8,von,5.067
714,dis_277,9,sprachen,2.835
715,dis_072,1,unter,4.027
716,dis_072,2,dem,4.883
717,dis_072,3,schleier,1.944
718,dis_072,4,des,4.46
719,dis_072,5,morgens,2.965
720,dis_072,6,erwacht,2.215
721,dis_072,7,die,5.613
722,dis_072,8,verzauberte,1.041
723,dis_072,9,landschaft,2.17
724,dis_213,1,das,5.713
725,dis_213,2,wetter,2.793
726,dis_213,3,sieht,4.128
727,dis_213,4,nach,4.714
728,dis_213,5,regen,3.01
729,dis_213,6,aus,4.851
730,dis_213,7,nimm,3.8
731,dis_213,8,einen,4.93
732,dis_213,9,schirm,2.442
733,dis_213,10,mit,5.214
734,dis_023,1,die,5.613
735,dis_023,2,tragödie,2.537
736,dis_023,3,wurde,4.364
737,dis_023,4,mit,5.214
738,dis_023,5,langdauernden,0.301
739,dis_023,6,gongschlägen,0.301
740,dis_023,7,eröffnet,2.358
741,dis_006,1,der,5.456
742,dis_006,2,kaffee,3.44
743,dis_006,3,dampfte,0.602
744,dis_006,4,auf,5.157
745,dis_006,5,dem,4.883
746,dis_006,6,tisch,3.351
747,dis_006,7,während,3.721
748,dis_006,8,sie,5.753
749,dis_006,9,nachdachte,1.447
750,dis_267,1,ein,5.339
751,dis_267,2,skandal,2.19
752,dis_267,3,um,4.829
753,dis_267,4,korruption,1.944
754,dis_267,5,erschüttert,2.045
755,dis_267,6,die,5.613
756,dis_267,7,regierung,3.23
757,dis_112,1,die,5.613
758,dis_112,2,uhren,2.149
759,dis_112,3,ticken,1.778
760,dis_112,4,in,5.311
761,dis_112,5,der,5.456
762,dis_112,6,nacht,4.096
763,dis_112,7,melodisch,0.602
764,dis_112,8,wie,5.181
765,dis_112,9,musik,3.816
766,dis_031,1,beim,3.942
767,dis_031,2,kochen,2.925
768,dis_031,3,experimentiere,0.845
769,dis_031,4,ich,5.969
770,dis_031,5,gerne,3.743
771,dis_031,6,mit,5.214
772,dis_031,7,neuen,3.628
773,dis_031,8,rezepten,0.954
774,dis_241,1,ein,5.339
775,dis_241,2,sanfter,1.643
776,dis_241,3,wind,3.122
777,dis_241,4,strich,2.09
778,dis_241,5,durch,4.218
779,dis_241,6,die,5.613
780,dis_241,7,grünen,2.535
781,dis_241,8,blätter,2.204
782,dis_050,1,die,5.613
783,dis_050,2,lebendige,1.771
784,dis_050,3,stadtmitte,1.362
785,dis_050,4,pulsiert,0.903
786,dis_050,5,vor,4.588
787,dis_050,6,energie,3.195
788,dis_050,7,und,5.565
789,dis_050,8,vielfalt,1.531
790,dis_260,1,die,5.613
791,dis_260,2,bildungsreform,0.477
792,dis_260,3,stößt,2.143
793,dis_260,4,auf,5.157
794,dis_260,5,geteilte,1.322
795,dis_260,6,meinungen,1.982
796,dis_260,7,in,5.311
797,dis_260,8,der,5.456
798,dis_260,9,bevölkerung,2.438
799,dis_225,1,die,5.613
800,dis_225,2,alten,3.588
801,dis_225,3,straßen,2.915
802,dis_225,4,der,5.456
803,dis_225,5,altstadt,1.176
804,dis_225,6,erzählen,3.678
805,dis_225,7,geschichten,2.968
806,dis_154,1,der,5.456
807,dis_154,2,lehrer,3.129
808,dis_154,3,erklärt,3.051
809,dis_154,4,das,5.713
810,dis_154,5,thema,3.029
811,dis_154,6,verständlich,2.29
812,dis_154,7,im,4.806
813,dis_154,8,unterricht,2.701
814,dis_195,1,zwischen,3.703
815,dis_195,2,den,5.181
816,dis_195,3,zeilen,2.19
817,dis_195,4,verbarg,1.431
818,dis_195,5,sich,4.923
819,dis_195,6,ein,5.339
820,dis_195,7,verschlüsseltes,0.602
821,dis_195,8,geheimnis,3.252
822,dis_027,1,das,5.713
823,dis_027,2,rauschende,0.301
824,dis_027,3,wasser,3.752
825,dis_027,4,des,4.46
826,dis_027,5,flusses,2.0
827,dis_027,6,beruhigt,2.818
828,dis_027,7,die,5.613
829,dis_027,8,seele,3.291
830,dis_054,1,der,5.456
831,dis_054,2,zuverlässige,1.556
832,dis_054,3,bus,3.121
833,dis_054,4,bringt,3.731
834,dis_054,5,die,5.613
835,dis_054,6,passagiere,2.471
836,dis_054,7,sicher,4.344
837,dis_054,8,ans,3.212
838,dis_054,9,ziel,3.358
839,dis_007,1,weil,4.435
840,dis_007,2,zwei,4.275
841,dis_007,3,parlamentssitze,0.301
842,dis_007,4,frei,3.599
843,dis_007,5,werden,4.7
844,dis_007,6,ist,5.705
845,dis_007,7,eine,5.132
846,dis_007,8,nachwahl,0.301
847,dis_007,9,erforderlich,1.954
848,dis_184,1,ein,5.339
849,dis_184,2,schauer,1.778
850,dis_184,3,läuft,3.677
851,dis_184,4,über,4.503
852,dis_184,5,den,5.181
853,dis_184,6,rücken,3.272
854,dis_184,7,beim,3.942
855,dis_184,8,lesen,3.39
856,dis_184,9,des,4.46
857,dis_184,10,briefes,1.23
858,dis_222,1,im,4.806
859,dis_222,2,café,2.53
860,dis_222,3,um,4.829
861,dis_222,4,die,5.613
862,dis_222,5,ecke,3.087
863,dis_222,6,gibt,4.463
864,dis_222,7,es,5.577
865,dis_222,8,exotische,1.672
866,dis_222,9,teesorten,0.602
867,dis_237,1,der,5.456
868,dis_237,2,duft,2.338
869,dis_237,3,von,5.067
870,dis_237,4,frisch,2.841
871,dis_237,5,gepflückten,0.301
872,dis_237,6,beeren,1.623
873,dis_237,7,liegt,3.761
874,dis_237,8,in,5.311
875,dis_237,9,der,5.456
876,dis_237,10,luft,3.53
877,dis_179,1,die,5.613
878,dis_179,2,liebe,4.205
879,dis_179,3,erblühte,0.954
880,dis_179,4,wie,5.181
881,dis_179,5,eine,5.132
882,dis_179,6,seltene,2.152
883,dis_179,7,blume,2.653
884,dis_179,8,im,4.806
885,dis_179,9,winter,2.731
886,dis_258,1,umweltschützer,0.954
887,dis_258,2,protestieren,1.771
888,dis_258,3,gegen,3.981
889,dis_258,4,geplante,1.544
890,dis_258,5,rodungen,0.301
891,dis_258,6,in,5.311
892,dis_258,7,geschützten,1.204
893,dis_258,8,wäldern,2.037
894,dis_144,1,ein,5.339
895,dis_144,2,ferner,1.633
896,dis_144,3,donnerschlag,1.556
897,dis_144,4,lässt,3.738
898,dis_144,5,den,5.181
899,dis_144,6,boden,3.433
900,dis_144,7,erzittern,1.204
901,dis_158,1,das,5.713
902,dis_158,2,buch,3.486
903,dis_158,3,auf,5.157
904,dis_158,4,dem,4.883
905,dis_158,5,tisch,3.351
906,dis_158,6,wartet,3.595
907,dis_158,7,auf,5.157
908,dis_158,8,seine,4.292
909,dis_158,9,leserin,0.477
910,dis_115,1,im,4.806
911,dis_115,2,verlassenen,1.908
912,dis_115,3,dorf,3.114
913,dis_115,4,hörte,3.324
914,dis_115,5,man,4.713
915,dis_115,6,plötzlich,3.384
916,dis_115,7,fremde,2.731
917,dis_115,8,stimmen,3.099
918,dis_061,1,die,5.613
919,dis_061,2,großzügige,1.643
920,dis_061,3,bibliothek,2.584
921,dis_061,4,lädt,2.196
922,dis_061,5,zum,4.568
923,dis_061,6,entspannten,0.954
924,dis_061,7,schmökern,0.301
925,dis_061,8,ein,5.339
926,dis_186,1,der,5.456
927,dis_186,2,duft,2.338
928,dis_186,3,von,5.067
929,dis_186,4,vergilbten,0.301
930,dis_186,5,seiten,2.985
931,dis_186,6,erfüllte,1.623
932,dis_186,7,die,5.613
933,dis_186,8,antike,1.863
934,dis_186,9,bibliothek,2.584
935,dis_132,1,am,4.418
936,dis_132,2,strand,3.033
937,dis_132,3,rauschten,0.602
938,dis_132,4,die,5.613
939,dis_132,5,wellen,2.377
940,dis_132,6,sanft,2.428
941,dis_132,7,ans,3.212
942,dis_132,8,ufer,2.188
943,dis_044,1,die,5.613
944,dis_044,2,antiken,1.724
945,dis_044,3,ruinen,2.053
946,dis_044,4,zeugen,2.859
947,dis_044,5,von,5.067
948,dis_044,6,vergangenen,2.104
949,dis_044,7,zivilisationen,1.82
950,dis_117,1,unter,4.027
951,dis_117,2,dem,4.883
952,dis_117,3,bett,3.616
953,dis_117,4,entdeckte,2.31
954,dis_117,5,sie,5.753
955,dis_117,6,eine,5.132
956,dis_117,7,vergessene,1.342
957,dis_117,8,schatzkarte,1.0
958,dis_171,1,ein,5.339
959,dis_171,2,internationales,1.415
960,dis_171,3,gipfeltreffen,1.146
961,dis_171,4,soll,4.477
962,dis_171,5,den,5.181
963,dis_171,6,handelsstreit,0.301
964,dis_171,7,entschärfen,1.968
965,dis_005,1,die,5.613
966,dis_005,2,sterne,2.765
967,dis_005,3,funkelten,0.301
968,dis_005,4,am,4.418
969,dis_005,5,klaren,2.403
970,dis_005,6,nachthimmel,1.415
971,dis_005,7,über,4.503
972,dis_005,8,der,5.456
973,dis_005,9,stadt,3.887
974,dis_012,1,der,5.456
975,dis_012,2,herrische,0.477
976,dis_012,3,pate,1.964
977,dis_012,4,versteht,3.182
978,dis_012,5,sich,4.923
979,dis_012,6,als,4.848
980,dis_012,7,pol,1.322
981,dis_012,8,der,5.456
982,dis_012,9,ganzen,3.816
983,dis_012,10,familie,3.911
984,dis_190,1,in,5.311
985,dis_190,2,den,5.181
986,dis_190,3,straßen,2.915
987,dis_190,4,der,5.456
988,dis_190,5,großstadt,1.708
989,dis_190,6,verlor,2.825
990,dis_190,7,er,5.332
991,dis_190,8,sich,4.923
992,dis_190,9,selbst,4.164
993,dis_103,1,die,5.613
994,dis_103,2,roboter,2.891
995,dis_103,3,tanzen,3.274
996,dis_103,4,tango,2.322
997,dis_103,5,auf,5.157
998,dis_103,6,dem,4.883
999,dis_103,7,dach,3.093
1000,dis_103,8,des,4.46
1001,dis_103,9,wolkenkratzers,0.301
1002,dis_200,1,das,5.713
1003,dis_200,2,gemälde,2.45
1004,dis_200,3,spiegelte,0.778
1005,dis_200,4,die,5.613
1006,dis_200,5,seele,3.291
1007,dis_200,6,des,4.46
1008,dis_200,7,künstlers,0.903
1009,dis_200,8,wider,1.934
1010,dis_042,1,die,5.613
1011,dis_042,2,exotischen,1.531
1012,dis_042,3,vögel,2.761
1013,dis_042,4,zwitschern,1.556
1014,dis_042,5,fröhlich,2.43
1015,dis_042,6,im,4.806
1016,dis_042,7,üppigen,1.146
1017,dis_042,8,dschungel,2.7
1018,dis_251,1,die,5.613
1019,dis_251,2,zeit,4.435
1020,dis_251,3,verliert,2.943
1021,dis_251,4,sich,4.923
1022,dis_251,5,zwischen,3.703
1023,dis_251,6,den,5.181
1024,dis_251,7,seiten,2.985
1025,dis_251,8,eines,4.008
1026,dis_251,9,buches,1.845
1027,dis_130,1,die,5.613
1028,dis_130,2,blumen,3.088
1029,dis_130,3,blühten,0.954
1030,dis_130,4,prächtig,2.188
1031,dis_130,5,im,4.806
1032,dis_130,6,sonnigen,1.556
1033,dis_130,7,garten,2.872
1034,dis_057,1,die,5.613
1035,dis_057,2,robuste,0.954
1036,dis_057,3,bauweise,0.778
1037,dis_057,4,des,4.46
1038,dis_057,5,hauses,2.581
1039,dis_057,6,trotzt,1.23
1040,dis_057,7,den,5.181
1041,dis_057,8,widrigen,0.903
1042,dis_057,9,wetterbedingungen,0.903
1043,dis_288,1,ich,5.969
1044,dis_288,2,höre,3.429
1045,dis_288,3,gerne,3.743
1046,dis_288,4,musik,3.816
1047,dis_288,5,während,3.721
1048,dis_288,6,ich,5.969
1049,dis_288,7,den,5.181
1050,dis_288,8,haushalt,2.097
1051,dis_288,9,mache,3.847
1052,dis_287,1,die,5.613
1053,dis_287,2,hausaufgaben,2.584
1054,dis_287,3,sind,5.072
1055,dis_287,4,erledigt,3.273
1056,dis_287,5,jetzt,4.851
1057,dis_287,6,ist,5.705
1058,dis_287,7,freizeit,2.248
1059,dis_287,8,angesagt,1.996
1060,dis_278,1,die,5.613
1061,dis_278,2,medizingeschichte,0.301
1062,dis_278,3,beleuchtet,1.806
1063,dis_278,4,meilensteine,0.477
1064,dis_278,5,in,5.311
1065,dis_278,6,der,5.456
1066,dis_278,7,heilkunst,0.903
1067,dis_207,1,der,5.456
1068,dis_207,2,regenschirm,2.037
1069,dis_207,3,schützte,1.146
1070,dis_207,4,vor,4.588
1071,dis_207,5,den,5.181
1072,dis_207,6,ersten,3.722
1073,dis_207,7,tropfen,2.497
1074,dis_207,8,des,4.46
1075,dis_207,9,gewitters,0.954
1076,dis_164,1,die,5.613
1077,dis_164,2,aktienmärkte,0.301
1078,dis_164,3,reagieren,2.643
1079,dis_164,4,positiv,2.648
1080,dis_164,5,auf,5.157
1081,dis_164,6,die,5.613
1082,dis_164,7,wirtschaftsprognose,0.301
1083,dis_030,1,der,5.456
1084,dis_030,2,laue,0.699
1085,dis_030,3,sommerabend,0.778
1086,dis_030,4,lädt,2.196
1087,dis_030,5,zu,5.369
1088,dis_030,6,einem,4.533
1089,dis_030,7,spaziergang,2.423
1090,dis_030,8,ein,5.339
1091,dis_063,1,die,5.613
1092,dis_063,2,idyllische,0.301
1093,dis_063,3,landschaft,2.17
1094,dis_063,4,wirkt,3.035
1095,dis_063,5,beruhigend,2.025
1096,dis_063,6,auf,5.157
1097,dis_063,7,gestresste,0.301
1098,dis_063,8,gemüter,1.431
1099,dis_138,1,der,5.456
1100,dis_138,2,mechaniker,2.104
1101,dis_138,3,reparierte,1.23
1102,dis_138,4,das,5.713
1103,dis_138,5,auto,3.839
1104,dis_138,6,mit,5.214
1105,dis_138,7,geschickten,1.23
1106,dis_138,8,handgriffen,0.301
1107,dis_256,1,die,5.613
1108,dis_256,2,stadt,3.887
1109,dis_256,3,atmet,2.604
1110,dis_256,4,im,4.806
1111,dis_256,5,rhythmus,2.305
1112,dis_256,6,der,5.456
1113,dis_256,7,vorbeiziehenden,0.301
1114,dis_256,8,wolken,2.569
1115,dis_015,1,die,5.613
1116,dis_015,2,abfangjäger,0.602
1117,dis_015,3,flogen,2.111
1118,dis_015,4,auch,4.866
1119,dis_015,5,an,5.01
1120,dis_015,6,neujahr,1.929
1121,dis_015,7,über,4.503
1122,dis_015,8,das,5.713
1123,dis_015,9,dörfchen,0.301
1124,dis_279,1,die,5.613
1125,dis_279,2,evolutionstheorie,0.954
1126,dis_279,3,prägt,1.342
1127,dis_279,4,unser,4.042
1128,dis_279,5,verständnis,2.547
1129,dis_279,6,des,4.46
1130,dis_279,7,lebens,3.365
1131,dis_279,8,nachhaltig,0.903
1132,dis_071,1,in,5.311
1133,dis_071,2,der,5.456
1134,dis_071,3,stille,2.441
1135,dis_071,4,des,4.46
1136,dis_071,5,waldes,1.813
1137,dis_071,6,lauscht,1.301
1138,dis_071,7,das,5.713
1139,dis_071,8,echo,2.49
1140,dis_071,9,des,4.46
1141,dis_071,10,vergessenen,1.342
1142,dis_049,1,die,5.613
1143,dis_049,2,freundliche,1.944
1144,dis_049,3,nachbarschaft,2.461
1145,dis_049,4,trifft,3.08
1146,dis_049,5,sich,4.923
1147,dis_049,6,im,4.806
1148,dis_049,7,kleinen,3.697
1149,dis_049,8,park,3.17
1150,dis_166,1,ein,5.339
1151,dis_166,2,forschungsteam,1.0
1152,dis_166,3,entdeckt,2.992
1153,dis_166,4,einen,4.93
1154,dis_166,5,vielversprechenden,1.176
1155,dis_166,6,durchbruch,2.173
1156,dis_166,7,in,5.311
1157,dis_166,8,der,5.456
1158,dis_166,9,medizin,3.008
1159,dis_203,1,der,5.456
1160,dis_203,2,bibliothekar,1.826
1161,dis_203,3,entdeckte,2.31
1162,dis_203,4,ein,5.339
1163,dis_203,5,vergessenes,0.778
1164,dis_203,6,buch,3.486
1165,dis_203,7,im,4.806
1166,dis_203,8,regal,2.068
1167,dis_100,1,die,5.613
1168,dis_100,2,knusprige,1.342
1169,dis_100,3,pizza,2.814
1170,dis_100,4,duftet,1.863
1171,dis_100,5,verführerisch,1.633
1172,dis_100,6,aus,4.851
1173,dis_100,7,dem,4.883
1174,dis_100,8,ofen,2.403
1175,dis_087,1,die,5.613
1176,dis_087,2,vögel,2.761
1177,dis_087,3,schwirrten,0.602
1178,dis_087,4,um,4.829
1179,dis_087,5,den,5.181
1180,dis_087,6,heruntergefallenen,0.477
1181,dis_087,7,apfel,2.303
1182,dis_087,8,herum,3.344
1183,dis_147,1,die,5.613
1184,dis_147,2,kekse,2.612
1185,dis_147,3,in,5.311
1186,dis_147,4,der,5.456
1187,dis_147,5,dose,2.283
1188,dis_147,6,knisterten,0.301
1189,dis_147,7,beim,3.942
1190,dis_147,8,öffnen,3.259
1191,dis_193,1,der,5.456
1192,dis_193,2,verlassene,1.74
1193,dis_193,3,leuchtturm,1.792
1194,dis_193,4,zeugte,1.771
1195,dis_193,5,von,5.067
1196,dis_193,6,längst,3.015
1197,dis_193,7,vergangenen,2.104
1198,dis_193,8,abenteuern,1.322
1199,dis_201,1,ein,5.339
1200,dis_201,2,geheimes,2.107
1201,dis_201,3,abkommen,2.255
1202,dis_201,4,führte,2.74
1203,dis_201,5,zu,5.369
1204,dis_201,6,einer,4.524
1205,dis_201,7,unerwarteten,1.544
1206,dis_201,8,allianz,2.14
1207,dis_196,1,die,5.613
1208,dis_196,2,straßenlaternen,0.477
1209,dis_196,3,warfen,1.949
1210,dis_196,4,schummriges,0.301
1211,dis_196,5,licht,3.493
1212,dis_196,6,auf,5.157
1213,dis_196,7,den,5.181
1214,dis_196,8,kieselweg,0.301
1215,dis_284,1,die,5.613
1216,dis_284,2,geschichte,3.754
1217,dis_284,3,der,5.456
1218,dis_284,4,medizin,3.008
1219,dis_284,5,offenbart,1.863
1220,dis_284,6,den,5.181
1221,dis_284,7,fortschritt,2.225
1222,dis_284,8,in,5.311
1223,dis_284,9,heilungstechniken,0.301
1224,dis_276,1,philosophie,2.238
1225,dis_276,2,reflektiert,1.505
1226,dis_276,3,über,4.503
1227,dis_276,4,grundlegende,1.519
1228,dis_276,5,fragen,3.949
1229,dis_276,6,menschlichen,2.685
1230,dis_276,7,denkens,1.204
1231,dis_105,1,der,5.456
1232,dis_105,2,mond,2.887
1233,dis_105,3,spiegelte,0.778
1234,dis_105,4,sich,4.923
1235,dis_105,5,im,4.806
1236,dis_105,6,fensterglas,0.301
1237,dis_105,7,wider,1.934
1238,dis_271,1,architektur,1.623
1239,dis_271,2,spiegelt,1.785
1240,dis_271,3,gesellschaftliche,1.544
1241,dis_271,4,werte,2.538
1242,dis_271,5,und,5.565
1243,dis_271,6,entwicklungen,1.602
1244,dis_271,7,wider,1.934
1245,dis_189,1,das,5.713
1246,dis_189,2,raumschiff,2.591
1247,dis_189,3,schwebte,1.699
1248,dis_189,4,über,4.503
1249,dis_189,5,den,5.181
1250,dis_189,6,unerforschten,1.079
1251,dis_189,7,planeten,3.225
1252,dis_168,1,ein,5.339
1253,dis_168,2,naturphänomen,0.903
1254,dis_168,3,sorgt,2.619
1255,dis_168,4,für,5.065
1256,dis_168,5,aufsehen,1.973
1257,dis_168,6,in,5.311
1258,dis_168,7,der,5.456
1259,dis_168,8,lokalen,1.944
1260,dis_168,9,gemeinschaft,2.26
1261,dis_078,1,die,5.613
1262,dis_078,2,morgenröte,1.176
1263,dis_078,3,taucht,2.556
1264,dis_078,4,die,5.613
1265,dis_078,5,stadt,3.887
1266,dis_078,6,in,5.311
1267,dis_078,7,warmes,2.083
1268,dis_078,8,rosa,2.712
1269,dis_095,1,die,5.613
1270,dis_095,2,klirrende,0.477
1271,dis_095,3,kälte,2.328
1272,dis_095,4,lässt,3.738
1273,dis_095,5,die,5.613
1274,dis_095,6,fensterscheiben,1.114
1275,dis_095,7,gefrieren,1.176
1276,dis_048,1,in,5.311
1277,dis_048,2,der,5.456
1278,dis_048,3,gemütlichen,1.447
1279,dis_048,4,bäckerei,2.104
1280,dis_048,5,duftet,1.863
1281,dis_048,6,es,5.577
1282,dis_048,7,nach,4.714
1283,dis_048,8,frischem,1.255
1284,dis_048,9,brot,2.794
1285,dis_280,1,neuroplastizität,0.301
1286,dis_280,2,zeigt,3.252
1287,dis_280,3,wie,5.181
1288,dis_280,4,das,5.713
1289,dis_280,5,gehirn,3.137
1290,dis_280,6,sich,4.923
1291,dis_280,7,ständig,3.29
1292,dis_280,8,verändert,3.268
1293,dis_086,1,der,5.456
1294,dis_086,2,regen,3.01
1295,dis_086,3,durchnässt,1.681
1296,dis_086,4,die,5.613
1297,dis_086,5,bunten,1.415
1298,dis_086,6,blumen,3.088
1299,dis_086,7,im,4.806
1300,dis_086,8,garten,2.872
1301,dis_255,1,hinter,3.807
1302,dis_255,2,dem,4.883
1303,dis_255,3,gemälde,2.45
1304,dis_255,4,verbirgt,2.149
1305,dis_255,5,sich,4.923
1306,dis_255,6,ein,5.339
1307,dis_255,7,vergessener,0.602
1308,dis_255,8,liebesbrief,1.653
1309,dis_156,1,die,5.613
1310,dis_156,2,katze,3.046
1311,dis_156,3,liegt,3.761
1312,dis_156,4,gemütlich,2.486
1313,dis_156,5,auf,5.157
1314,dis_156,6,der,5.456
1315,dis_156,7,fensterbank,0.954
1316,dis_156,8,und,5.565
1317,dis_156,9,schläft,3.028
1318,dis_268,1,der,5.456
1319,dis_268,2,bürgerentscheid,1.114
1320,dis_268,3,über,4.503
1321,dis_268,4,den,5.181
1322,dis_268,5,neuen,3.628
1323,dis_268,6,stadtteil,1.38
1324,dis_268,7,steht,3.958
1325,dis_268,8,bevor,3.953
1326,dis_155,1,am,4.418
1327,dis_155,2,wochenende,2.999
1328,dis_155,3,treffe,2.89
1329,dis_155,4,ich,5.969
1330,dis_155,5,mich,5.161
1331,dis_155,6,mit,5.214
1332,dis_155,7,freunden,3.109
1333,dis_155,8,im,4.806
1334,dis_155,9,kino,2.937
1335,dis_081,1,fröhliche,2.228
1336,dis_081,2,gesichter,2.698
1337,dis_081,3,spiegeln,1.785
1338,dis_081,4,freude,3.061
1339,dis_081,5,in,5.311
1340,dis_081,6,den,5.181
1341,dis_081,7,schaufensterscheiben,0.301
1342,dis_151,1,ich,5.969
1343,dis_151,2,trinke,2.823
1344,dis_151,3,meinen,4.319
1345,dis_151,4,kaffee,3.44
1346,dis_151,5,gerne,3.743
1347,dis_151,6,mit,5.214
1348,dis_151,7,milch,2.925
1349,dis_151,8,und,5.565
1350,dis_151,9,zucker,2.743
1351,dis_262,1,der,5.456
1352,dis_262,2,bürgermeister,2.993
1353,dis_262,3,kündigt,1.74
1354,dis_262,4,investitionen,1.556
1355,dis_262,5,in,5.311
1356,dis_262,6,die,5.613
1357,dis_262,7,infrastruktur,1.633
1358,dis_262,8,an,5.01
1359,dis_036,1,die,5.613
1360,dis_036,2,kunstvollen,0.602
1361,dis_036,3,graffiti,1.69
1362,dis_036,4,zieren,1.279
1363,dis_036,5,die,5.613
1364,dis_036,6,wände,2.447
1365,dis_036,7,der,5.456
1366,dis_036,8,urbanen,0.602
1367,dis_036,9,straßen,2.915
1368,dis_233,1,zwischen,3.703
1369,dis_233,2,den,5.181
1370,dis_233,3,blumen,3.088
1371,dis_233,4,des,4.46
1372,dis_233,5,parks,1.82
1373,dis_233,6,verstecken,3.195
1374,dis_233,7,sich,4.923
1375,dis_233,8,kleine,3.857
1376,dis_233,9,statuen,1.82
1377,dis_123,1,die,5.613
1378,dis_123,2,socke,1.869
1379,dis_123,3,verließ,2.688
1380,dis_123,4,die,5.613
1381,dis_123,5,schublade,2.415
1382,dis_123,6,auf,5.157
1383,dis_123,7,der,5.456
1384,dis_123,8,suche,3.487
1385,dis_123,9,nach,4.714
1386,dis_123,10,abenteuern,1.322
1387,dis_215,1,in,5.311
1388,dis_215,2,der,5.456
1389,dis_215,3,stadt,3.887
1390,dis_215,4,herrscht,2.55
1391,dis_215,5,immer,4.641
1392,dis_215,6,viel,4.436
1393,dis_215,7,trubel,1.491
1394,dis_215,8,und,5.565
1395,dis_215,9,lärm,2.621
1396,dis_073,1,in,5.311
1397,dis_073,2,der,5.456
1398,dis_073,3,zwielichtzone,0.301
1399,dis_073,4,verschwimmen,0.778
1400,dis_073,5,die,5.613
1401,dis_073,6,grenzen,2.703
1402,dis_073,7,der,5.456
1403,dis_073,8,realität,2.784
1404,dis_286,1,die,5.613
1405,dis_286,2,geschichte,3.754
1406,dis_286,3,des,4.46
1407,dis_286,4,mittelalters,0.602
1408,dis_286,5,wurde,4.364
1409,dis_286,6,oft,3.658
1410,dis_286,7,durch,4.218
1411,dis_286,8,schlachten,2.158
1412,dis_286,9,geprägt,1.633
1413,dis_040,1,der,5.456
1414,dis_040,2,aromatische,0.602
1415,dis_040,3,duft,2.338
1416,dis_040,4,von,5.067
1417,dis_040,5,exotischen,1.531
1418,dis_040,6,gewürzen,1.114
1419,dis_040,7,durchzieht,1.322
1420,dis_040,8,die,5.613
1421,dis_040,9,küche,3.099
1422,dis_041,1,auf,5.157
1423,dis_041,2,dem,4.883
1424,dis_041,3,jahrmarkt,2.049
1425,dis_041,4,sorgen,3.792
1426,dis_041,5,bunte,1.613
1427,dis_041,6,fahrgeschäfte,0.602
1428,dis_041,7,für,5.065
1429,dis_041,8,aufregung,2.554
1430,dis_263,1,neue,3.772
1431,dis_263,2,daten,3.033
1432,dis_263,3,zeigen,3.72
1433,dis_263,4,steigende,1.204
1434,dis_263,5,arbeitslosenzahlen,0.301
1435,dis_263,6,im,4.806
1436,dis_263,7,land,3.762
1437,dis_204,1,die,5.613
1438,dis_204,2,straßenlaterne,0.845
1439,dis_204,3,flackerte,0.699
1440,dis_204,4,in,5.311
1441,dis_204,5,der,5.456
1442,dis_204,6,verlassenen,1.908
1443,dis_204,7,gasse,2.215
1444,dis_029,1,auf,5.157
1445,dis_029,2,dem,4.883
1446,dis_029,3,markt,2.64
1447,dis_029,4,kaufen,3.464
1448,dis_029,5,wir,5.448
1449,dis_029,6,frisches,2.212
1450,dis_029,7,gemüse,2.467
1451,dis_029,8,und,5.565
1452,dis_029,9,obst,2.134
1453,dis_162,1,beim,3.942
1454,dis_162,2,bäcker,1.732
1455,dis_162,3,gibt,4.463
1456,dis_162,4,es,5.577
1457,dis_162,5,köstliche,1.58
1458,dis_162,6,brötchen,2.167
1459,dis_162,7,zum,4.568
1460,dis_162,8,frühstück,3.007
1461,dis_097,1,das,5.713
1462,dis_097,2,schmelzende,0.301
1463,dis_097,3,eis,3.074
1464,dis_097,4,tropft,1.681
1465,dis_097,5,auf,5.157
1466,dis_097,6,den,5.181
1467,dis_097,7,bürgersteig,1.672
1468,dis_217,1,ein,5.339
1469,dis_217,2,schatten,2.873
1470,dis_217,3,bewegt,3.209
1471,dis_217,4,sich,4.923
1472,dis_217,5,leise,2.877
1473,dis_217,6,im,4.806
1474,dis_217,7,treppenhaus,2.079
1475,dis_109,1,die,5.613
1476,dis_109,2,pinguine,1.643
1477,dis_109,3,halten,3.927
1478,dis_109,4,eine,5.132
1479,dis_109,5,modenschau,1.415
1480,dis_109,6,in,5.311
1481,dis_109,7,der,5.456
1482,dis_109,8,antarktis,1.716
1483,dis_052,1,der,5.456
1484,dis_052,2,herzliche,1.505
1485,dis_052,3,gruß,2.086
1486,dis_052,4,schafft,3.084
1487,dis_052,5,eine,5.132
1488,dis_052,6,angenehme,2.161
1489,dis_052,7,atmosphäre,2.49
1490,dis_169,1,die,5.613
1491,dis_169,2,inflation,1.716
1492,dis_169,3,erreicht,3.018
1493,dis_169,4,den,5.181
1494,dis_169,5,höchsten,2.27
1495,dis_169,6,stand,3.374
1496,dis_169,7,seit,4.075
1497,dis_169,8,jahren,3.892
1498,dis_056,1,die,5.613
1499,dis_056,2,traditionelle,1.833
1500,dis_056,3,musik,3.816
1501,dis_056,4,verbreitet,2.348
1502,dis_056,5,gute,4.103
1503,dis_056,6,laune,2.598
1504,dis_056,7,im,4.806
1505,dis_056,8,raum,3.352
1506,dis_214,1,meine,4.826
1507,dis_214,2,katze,3.046
1508,dis_214,3,schläft,3.028
1509,dis_214,4,liebend,2.134
1510,dis_214,5,gern,3.879
1511,dis_214,6,auf,5.157
1512,dis_214,7,dem,4.883
1513,dis_214,8,sofa,2.452
1514,dis_208,1,der,5.456
1515,dis_208,2,künstler,2.723
1516,dis_208,3,pinselte,0.301
1517,dis_208,4,leidenschaftlich,2.064
1518,dis_208,5,farben,2.643
1519,dis_208,6,auf,5.157
1520,dis_208,7,die,5.613
1521,dis_208,8,leinwand,2.196
1522,dis_098,1,die,5.613
1523,dis_098,2,quirligen,0.301
1524,dis_098,3,enten,1.949
1525,dis_098,4,schwimmen,2.899
1526,dis_098,5,im,4.806
1527,dis_098,6,ruhigen,1.978
1528,dis_098,7,teich,2.045
1529,dis_274,1,das,5.713
1530,dis_274,2,weltall,2.064
1531,dis_274,3,birgt,1.623
1532,dis_274,4,zahlreiche,1.94
1533,dis_274,5,unentdeckte,0.903
1534,dis_274,6,phänomene,1.398
1535,dis_274,7,und,5.565
1536,dis_274,8,geheimnisse,2.905
1537,dis_133,1,mit,5.214
1538,dis_133,2,dem,4.883
1539,dis_133,3,wecker,2.114
1540,dis_133,4,begann,2.872
1541,dis_133,5,ein,5.339
1542,dis_133,6,neuer,3.123
1543,dis_133,7,tag,4.218
1544,dis_133,8,in,5.311
1545,dis_133,9,der,5.456
1546,dis_133,10,routine,2.137
1547,dis_187,1,die,5.613
1548,dis_187,2,uhr,3.836
1549,dis_187,3,im,4.806
1550,dis_187,4,turm,2.508
1551,dis_187,5,schlug,2.782
1552,dis_187,6,mitternacht,2.714
1553,dis_187,7,als,4.848
1554,dis_187,8,alles,4.769
1555,dis_187,9,verstummte,0.845
1556,dis_210,1,ich,5.969
1557,dis_210,2,habe,4.982
1558,dis_210,3,gestern,3.671
1559,dis_210,4,einen,4.93
1560,dis_210,5,interessanten,1.886
1561,dis_210,6,film,3.831
1562,dis_210,7,gesehen,4.22
1563,dis_175,1,seine,4.292
1564,dis_175,2,worte,3.345
1565,dis_175,3,waren,4.257
1566,dis_175,4,wie,5.181
1567,dis_175,5,musik,3.816
1568,dis_175,6,in,5.311
1569,dis_175,7,der,5.456
1570,dis_175,8,stürmischen,1.079
1571,dis_175,9,nacht,4.096
1572,dis_244,1,im,4.806
1573,dis_244,2,café,2.53
1574,dis_244,3,vermischen,1.778
1575,dis_244,4,sich,4.923
1576,dis_244,5,gespräche,2.435
1577,dis_244,6,zu,5.369
1578,dis_244,7,einem,4.533
1579,dis_244,8,lebendigen,1.643
1580,dis_244,9,gemälde,2.45
1581,dis_011,1,ich,5.969
1582,dis_011,2,will,4.663
1583,dis_011,3,keine,4.757
1584,dis_011,4,zeit,4.435
1585,dis_011,5,durch,4.218
1586,dis_011,6,weitere,3.27
1587,dis_011,7,nutzlose,1.792
1588,dis_011,8,bemühungen,2.093
1589,dis_011,9,vergeuden,2.307
1590,dis_146,1,das,5.713
1591,dis_146,2,gemälde,2.45
1592,dis_146,3,an,5.01
1593,dis_146,4,der,5.456
1594,dis_146,5,wand,3.08
1595,dis_146,6,zeigte,2.657
1596,dis_146,7,bewegte,1.996
1597,dis_146,8,landschaften,1.362
1598,dis_209,1,ich,5.969
1599,dis_209,2,trinke,2.823
1600,dis_209,3,gerne,3.743
1601,dis_209,4,einen,4.93
1602,dis_209,5,kaffee,3.44
1603,dis_209,6,am,4.418
1604,dis_209,7,morgen,4.218
1605,dis_209,8,und,5.565
1606,dis_209,9,lese,2.676
1607,dis_209,10,zeitung,3.061
1608,dis_137,1,der,5.456
1609,dis_137,2,wanderer,1.732
1610,dis_137,3,genoss,1.799
1611,dis_137,4,die,5.613
1612,dis_137,5,aussicht,2.528
1613,dis_137,6,vom,4.102
1614,dis_137,7,berggipfel,0.845
1615,dis_167,1,das,5.713
1616,dis_167,2,klappern,1.845
1617,dis_167,3,der,5.456
1618,dis_167,4,tastatur,1.591
1619,dis_167,5,hallt,1.431
1620,dis_167,6,durch,4.218
1621,dis_167,7,den,5.181
1622,dis_167,8,park,3.17
1623,dis_269,1,die,5.613
1624,dis_269,2,evolution,2.167
1625,dis_269,3,formte,1.041
1626,dis_269,4,die,5.613
1627,dis_269,5,vielfalt,1.531
1628,dis_269,6,des,4.46
1629,dis_269,7,tierreichs,0.301
1630,dis_269,8,entscheidend,1.908
1631,dis_017,1,der,5.456
1632,dis_017,2,karlspreis,0.301
1633,dis_017,3,ist,5.705
1634,dis_017,4,die,5.613
1635,dis_017,5,sternstunde,0.699
1636,dis_017,6,eines,4.008
1637,dis_017,7,films,2.848
1638,dis_245,1,der,5.456
1639,dis_245,2,spiegel,2.833
1640,dis_245,3,reflektiert,1.505
1641,dis_245,4,träume,3.103
1642,dis_245,5,die,5.613
1643,dis_245,6,noch,4.969
1644,dis_245,7,nicht,5.647
1645,dis_245,8,geträumt,2.75
1646,dis_245,9,wurden,3.796
1647,dis_224,1,beim,3.942
1648,dis_224,2,kochen,2.925
1649,dis_224,3,improvisiere,1.301
1650,dis_224,4,ich,5.969
1651,dis_224,5,gerne,3.743
1652,dis_224,6,mit,5.214
1653,dis_224,7,gewürzen,1.114
1654,dis_145,1,beim,3.942
1655,dis_145,2,kochen,2.925
1656,dis_145,3,fiel,3.034
1657,dis_145,4,mir,5.221
1658,dis_145,5,ein,5.339
1659,dis_145,6,gedicht,2.398
1660,dis_145,7,über,4.503
1661,dis_145,8,kartoffeln,2.318
1662,dis_145,9,ein,5.339
1663,dis_182,1,die,5.613
1664,dis_182,2,wüste,2.837
1665,dis_182,3,erstreckte,0.903
1666,dis_182,4,sich,4.923
1667,dis_182,5,endlos,2.097
1668,dis_182,6,bis,4.359
1669,dis_182,7,zum,4.568
1670,dis_182,8,horizont,2.086
1671,dis_243,1,ein,5.339
1672,dis_243,2,geheimnisvolles,1.279
1673,dis_243,3,tagebuch,2.561
1674,dis_243,4,liegt,3.761
1675,dis_243,5,offen,3.278
1676,dis_243,6,im,4.806
1677,dis_243,7,verstaubten,0.602
1678,dis_243,8,bücherregal,1.301
1679,dis_177,1,das,5.713
1680,dis_177,2,geheimnisvolle,2.041
1681,dis_177,3,buch,3.486
1682,dis_177,4,entfesselte,0.301
1683,dis_177,5,die,5.613
1684,dis_177,6,kraft,3.407
1685,dis_177,7,der,5.456
1686,dis_177,8,magie,2.728
1687,dis_026,1,am,4.418
1688,dis_026,2,wochenende,2.999
1689,dis_026,3,besuchen,3.132
1690,dis_026,4,wir,5.448
1691,dis_026,5,oft,3.658
1692,dis_026,6,unsere,4.193
1693,dis_026,7,großeltern,1.996
1694,dis_235,1,im,4.806
1695,dis_235,2,alten,3.588
1696,dis_235,3,buchladen,1.763
1697,dis_235,4,fand,3.485
1698,dis_235,5,ich,5.969
1699,dis_235,6,eine,5.132
1700,dis_235,7,vergessene,1.342
1701,dis_235,8,sammlung,2.314
1702,dis_235,9,von,5.067
1703,dis_235,10,gedichten,1.447
1704,dis_088,1,im,4.806
1705,dis_088,2,wald,3.094
1706,dis_088,3,singen,3.191
1707,dis_088,4,die,5.613
1708,dis_088,5,vögel,2.761
1709,dis_088,6,fröhlich,2.43
1710,dis_088,7,ihr,4.961
1711,dis_088,8,lied,3.161
1712,dis_188,1,der,5.456
1713,dis_188,2,detektiv,2.276
1714,dis_188,3,löste,1.869
1715,dis_188,4,das,5.713
1716,dis_188,5,rätsel,2.613
1717,dis_188,6,um,4.829
1718,dis_188,7,das,5.713
1719,dis_188,8,gestohlene,1.886
1720,dis_188,9,gemälde,2.45
1721,dis_089,1,ein,5.339
1722,dis_089,2,ungewöhnliches,2.223
1723,dis_089,3,geräusch,2.777
1724,dis_089,4,ließ,3.239
1725,dis_089,5,sie,5.753
1726,dis_089,6,innehalten,0.903
1727,dis_089,7,und,5.565
1728,dis_089,8,lauschen,1.732
1729,dis_219,1,das,5.713
1730,dis_219,2,neue,3.772
1731,dis_219,3,restaurant,3.037
1732,dis_219,4,hat,5.088
1733,dis_219,5,eine,5.132
1734,dis_219,6,interessante,2.668
1735,dis_219,7,speisekarte,1.903
1736,dis_060,1,die,5.613
1737,dis_060,2,geheimnisvolle,2.041
1738,dis_060,3,atmosphäre,2.49
1739,dis_060,4,der,5.456
1740,dis_060,5,gasse,2.215
1741,dis_060,6,weckt,2.137
1742,dis_060,7,die,5.613
1743,dis_060,8,neugierde,1.716
1744,dis_140,1,der,5.456
1745,dis_140,2,gärtner,2.004
1746,dis_140,3,pflanzte,1.255
1747,dis_140,4,bunte,1.613
1748,dis_140,5,blumen,3.088
1749,dis_140,6,in,5.311
1750,dis_140,7,die,5.613
1751,dis_140,8,beete,1.279
1752,dis_159,1,der,5.456
1753,dis_159,2,regen,3.01
1754,dis_159,3,klopft,2.324
1755,dis_159,4,leise,2.877
1756,dis_159,5,an,5.01
1757,dis_159,6,das,5.713
1758,dis_159,7,fenster,3.33
1759,dis_283,1,ein,5.339
1760,dis_283,2,blick,3.21
1761,dis_283,3,in,5.311
1762,dis_283,4,die,5.613
1763,dis_283,5,astronomie,1.279
1764,dis_283,6,enthüllt,2.013
1765,dis_283,7,die,5.613
1766,dis_283,8,geheimnisse,2.905
1767,dis_283,9,des,4.46
1768,dis_283,10,universums,2.417
1769,dis_022,1,der,5.456
1770,dis_022,2,vertragsabschluss,0.699
1771,dis_022,3,sah,3.758
1772,dis_022,4,eine,5.132
1773,dis_022,5,vieljährige,0.301
1774,dis_022,6,laufzeit,0.699
1775,dis_022,7,vor,4.588
1776,dis_228,1,beim,3.942
1777,dis_228,2,morgenspaziergang,0.301
1778,dis_228,3,fand,3.485
1779,dis_228,4,ich,5.969
1780,dis_228,5,eine,5.132
1781,dis_228,6,verlorene,2.272
1782,dis_228,7,schatzkarte,1.0
1783,dis_046,1,das,5.713
1784,dis_046,2,historische,1.839
1785,dis_046,3,fachwerkhaus,0.301
1786,dis_046,4,strahlt,1.826
1787,dis_046,5,einen,4.93
1788,dis_046,6,nostalgischen,0.602
1789,dis_046,7,charme,2.255
1790,dis_046,8,aus,4.851
1791,dis_058,1,ein,5.339
1792,dis_058,2,harmonischer,0.699
1793,dis_058,3,klangteppich,0.301
1794,dis_058,4,umhüllt,1.477
1795,dis_058,5,die,5.613
1796,dis_058,6,zuhörer,1.708
1797,dis_058,7,im,4.806
1798,dis_058,8,konzertsaal,0.301
1799,dis_001,1,das,5.713
1800,dis_001,2,haus,4.014
1801,dis_001,3,neben,3.223
1802,dis_001,4,dem,4.883
1803,dis_001,5,leuchtturm,1.792
1804,dis_001,6,dient,2.43
1805,dis_001,7,seit,4.075
1806,dis_001,8,jahren,3.892
1807,dis_001,9,als,4.848
1808,dis_001,10,unterschlupf,2.093
1809,dis_242,1,ein,5.339
1810,dis_242,2,verlorener,1.398
1811,dis_242,3,schlüssel,3.49
1812,dis_242,4,öffnet,2.818
1813,dis_242,5,türen,2.869
1814,dis_242,6,zu,5.369
1815,dis_242,7,unbekannten,2.303
1816,dis_242,8,welten,2.567
1817,dis_173,1,ihre,4.373
1818,dis_173,2,augen,3.851
1819,dis_173,3,spiegelten,0.301
1820,dis_173,4,die,5.613
1821,dis_173,5,abgründe,1.146
1822,dis_173,6,der,5.456
1823,dis_173,7,vergangenen,2.104
1824,dis_173,8,jahre,3.95
1825,dis_114,1,der,5.456
1826,dis_114,2,alte,3.61
1827,dis_114,3,schrank,2.76
1828,dis_114,4,versteckte,2.312
1829,dis_114,5,ein,5.339
1830,dis_114,6,geheimnisvolles,1.279
1831,dis_114,7,tagebuch,2.561
1832,dis_170,1,die,5.613
1833,dis_170,2,wirtschaftsdaten,0.301
1834,dis_170,3,deuten,2.061
1835,dis_170,4,auf,5.157
1836,dis_170,5,ein,5.339
1837,dis_170,6,langsames,1.279
1838,dis_170,7,wachstum,1.914
1839,dis_170,8,hin,4.079
1840,dis_045,1,der,5.456
1841,dis_045,2,tanzende,1.38
1842,dis_045,3,schmetterling,2.097
1843,dis_045,4,verzaubert,1.699
1844,dis_045,5,mit,5.214
1845,dis_045,6,seinen,3.897
1846,dis_045,7,bunten,1.415
1847,dis_045,8,flügeln,1.881
1848,dis_033,1,die,5.613
1849,dis_033,2,klirrende,0.477
1850,dis_033,3,kälte,2.328
1851,dis_033,4,lässt,3.738
1852,dis_033,5,die,5.613
1853,dis_033,6,seen,1.978
1854,dis_033,7,im,4.806
1855,dis_033,8,winter,2.731
1856,dis_033,9,zufrieren,0.477
1857,dis_122,1,die,5.613
1858,dis_122,2,bibliothekarin,0.954
1859,dis_122,3,verschluckte,1.204
1860,dis_122,4,versehentlich,2.17
1861,dis_122,5,einen,4.93
1862,dis_122,6,buchstaben,2.394
1863,dis_122,7,,0.301
1864,dis_289,1,die,5.613
1865,dis_289,2,verkehrslage,0.699
1866,dis_289,3,ist,5.705
1867,dis_289,4,heute,4.388
1868,dis_289,5,morgen,4.218
1869,dis_289,6,ziemlich,3.784
1870,dis_289,7,entspannt,2.431
1871,dis_143,1,während,3.721
1872,dis_143,2,des,4.46
1873,dis_143,3,telefonats,0.778
1874,dis_143,4,hörte,3.324
1875,dis_143,5,sie,5.753
1876,dis_143,6,das,5.713
1877,dis_143,7,meer,3.068
1878,dis_143,8,rauschen,1.944
1879,dis_084,1,ein,5.339
1880,dis_084,2,warmes,2.083
1881,dis_084,3,lächeln,3.095
1882,dis_084,4,zaubert,1.38
1883,dis_084,5,sonnenschein,2.286
1884,dis_084,6,in,5.311
1885,dis_084,7,graue,1.964
1886,dis_084,8,tage,3.685
1887,dis_282,1,die,5.613
1888,dis_282,2,entschlüsselung,1.079
1889,dis_282,3,des,4.46
1890,dis_282,4,menschlichen,2.685
1891,dis_282,5,genoms,1.0
1892,dis_282,6,wirft,2.665
1893,dis_282,7,ethische,1.255
1894,dis_282,8,fragen,3.949
1895,dis_282,9,auf,5.157
1896,dis_104,1,der,5.456
1897,dis_104,2,seiltänzer,0.778
1898,dis_104,3,backt,1.431
1899,dis_104,4,kekse,2.612
1900,dis_104,5,in,5.311
1901,dis_104,6,der,5.456
1902,dis_104,7,hängematte,1.633
1903,dis_059,1,die,5.613
1904,dis_059,2,eifrigen,0.602
1905,dis_059,3,bienenschwärme,0.301
1906,dis_059,4,bestäuben,0.477
1907,dis_059,5,emsig,1.23
1908,dis_059,6,die,5.613
1909,dis_059,7,duftenden,0.954
1910,dis_059,8,blüten,2.025
1911,dis_161,1,der,5.456
1912,dis_161,2,briefträger,1.398
1913,dis_161,3,bringt,3.731
1914,dis_161,4,täglich,2.734
1915,dis_161,5,die,5.613
1916,dis_161,6,post,2.798
1917,dis_161,7,vorbei,3.819
1918,dis_183,1,ein,5.339
1919,dis_183,2,flüstern,2.255
1920,dis_183,3,durchzog,0.301
1921,dis_183,4,den,5.181
1922,dis_183,5,verwunschenen,0.301
1923,dis_183,6,wald,3.094
1924,dis_183,7,im,4.806
1925,dis_183,8,mondschein,1.869
1926,dis_157,1,in,5.311
1927,dis_157,2,der,5.456
1928,dis_157,3,stadt,3.887
1929,dis_157,4,herrscht,2.55
1930,dis_157,5,reges,0.699
1931,dis_157,6,treiben,2.74
1932,dis_157,7,am,4.418
1933,dis_157,8,samstag,2.794
1934,dis_221,1,auf,5.157
1935,dis_221,2,dem,4.883
1936,dis_221,3,flohmarkt,1.663
1937,dis_221,4,entdeckte,2.31
1938,dis_221,5,ich,5.969
1939,dis_221,6,einen,4.93
1940,dis_221,7,antiken,1.724
1941,dis_221,8,spiegel,2.833
1942,dis_043,1,der,5.456
1943,dis_043,2,prächtige,1.591
1944,dis_043,3,regenbogen,1.968
1945,dis_043,4,erstrahlt,1.544
1946,dis_043,5,nach,4.714
1947,dis_043,6,dem,4.883
1948,dis_043,7,heftigen,1.708
1949,dis_043,8,gewitter,2.061
1950,dis_074,1,über,4.503
1951,dis_074,2,den,5.181
1952,dis_074,3,dächern,1.447
1953,dis_074,4,der,5.456
1954,dis_074,5,stadt,3.887
1955,dis_074,6,verliert,2.943
1956,dis_074,7,sich,4.923
1957,dis_074,8,der,5.456
1958,dis_074,9,horizont,2.086
1959,dis_240,1,in,5.311
1960,dis_240,2,der,5.456
1961,dis_240,3,alten,3.588
1962,dis_240,4,buchhandlung,1.591
1963,dis_240,5,fand,3.485
1964,dis_240,6,ich,5.969
1965,dis_240,7,ein,5.339
1966,dis_240,8,buch,3.486
1967,dis_240,9,ohne,4.155
1968,dis_240,10,titel,2.752
1969,dis_016,1,der,5.456
1970,dis_016,2,kursteilnehmer,0.301
1971,dis_016,3,wählt,2.307
1972,dis_016,4,das,5.713
1973,dis_016,5,einfachste,1.924
1974,dis_016,6,exemplar,2.161
1975,dis_016,7,der,5.456
1976,dis_016,8,vergilbten,0.301
1977,dis_016,9,schriftstücke,0.602
